TDSFU Daily run: Mon Oct 20 09:07:17 UTC 2025 TDSFU
TDSFU Daily run: Tue Oct 21 04:34:05 UTC 2025 TDSFU
TDSFU Daily run: Wed Oct 22 04:35:13 UTC 2025 TDSFU
TDSFU Daily run: Thu Oct 23 04:33:48 UTC 2025 TDSFU
TDSFU Daily run: Fri Oct 24 04:33:13 UTC 2025 TDSFU
TDSFU Daily run: Sat Oct 25 04:32:28 UTC 2025 TDSFU
TDSFU Daily run: Sun Oct 26 04:32:53 UTC 2025 TDSFU
TDSFU Daily run: Mon Oct 27 04:41:21 UTC 2025 TDSFU
TDSFU Daily run: Tue Oct 28 04:34:23 UTC 2025 TDSFU
TDSFU Daily run: Wed Oct 29 04:39:24 UTC 2025 TDSFU
